Level,Number of communities,25th Percentile,50th Percentile,75th Percentile,90th Percentile,99th Percentile,Max
0,569,2.0,3.0,4.0,6.0,17.60000000000025,54
1,510,18.0,26.0,40.0,57.0,134.81999999999994,175
2,326,200.0,257.5,345.75,419.5,576.25,719
3,276,1349.75,1424.0,1506.0,1563.0,1646.75,1711
4,267,1356.0,1427.0,1507.0,1562.8,1682.5199999999993,1821
