Level,Number of communities,25th Percentile,50th Percentile,75th Percentile,90th Percentile,99th Percentile,Max
0,437,2.0,3.0,4.0,6.0,16.0,104
1,253,2.0,3.0,7.0,13.0,45.519999999999754,191
2,206,2.0,3.0,5.0,17.5,182.14999999999867,202
3,204,2.0,3.0,5.0,13.700000000000017,184.48999999999987,216
